# Material	RenderPath
minecraft:abandoned_camp_map	GENERATED_2D
minecraft:acacia_boat	GENERATED_2D
minecraft:acacia_button	BLOCK_MODEL
minecraft:acacia_chest_boat	GENERATED_2D
minecraft:acacia_door	GENERATED_2D
minecraft:acacia_fence	BLOCK_MODEL
minecraft:acacia_fence_gate	BLOCK_MODEL
minecraft:acacia_hanging_sign	GENERATED_2D
minecraft:acacia_leaves	BLOCK_MODEL
minecraft:acacia_log	BLOCK_MODEL
minecraft:acacia_planks	BLOCK_MODEL
minecraft:acacia_pressure_plate	BLOCK_MODEL
minecraft:acacia_sapling	GENERATED_2D
minecraft:acacia_shelf	BLOCK_MODEL
minecraft:acacia_sign	GENERATED_2D
minecraft:acacia_slab	BLOCK_MODEL
minecraft:acacia_stairs	BLOCK_MODEL
minecraft:acacia_trapdoor	BLOCK_MODEL
minecraft:acacia_wood	BLOCK_MODEL
minecraft:activator_rail	GENERATED_2D
minecraft:allay_spawn_egg	GENERATED_2D
minecraft:allium	GENERATED_2D
minecraft:amethyst_block	BLOCK_MODEL
minecraft:amethyst_cluster	GENERATED_2D
minecraft:amethyst_shard	GENERATED_2D
minecraft:ancient_debris	BLOCK_MODEL
minecraft:andesite	BLOCK_MODEL
minecraft:andesite_slab	BLOCK_MODEL
minecraft:andesite_stairs	BLOCK_MODEL
minecraft:andesite_wall	BLOCK_MODEL
minecraft:angler_pottery_sherd	GENERATED_2D
minecraft:anvil	BLOCK_MODEL
minecraft:apple	GENERATED_2D
minecraft:archer_pottery_sherd	GENERATED_2D
minecraft:armadillo_scute	GENERATED_2D
minecraft:armadillo_spawn_egg	GENERATED_2D
minecraft:armor_stand	GENERATED_2D
minecraft:arms_up_pottery_sherd	GENERATED_2D
minecraft:arrow	GENERATED_2D
minecraft:axolotl_bucket	GENERATED_2D
minecraft:axolotl_spawn_egg	GENERATED_2D
minecraft:azalea	BLOCK_MODEL
minecraft:azalea_leaves	BLOCK_MODEL
minecraft:azure_bluet	GENERATED_2D
minecraft:baked_potato	GENERATED_2D
minecraft:bamboo	GENERATED_2D
minecraft:bamboo_block	BLOCK_MODEL
minecraft:bamboo_button	BLOCK_MODEL
minecraft:bamboo_chest_raft	GENERATED_2D
minecraft:bamboo_door	GENERATED_2D
minecraft:bamboo_fence	BLOCK_MODEL
minecraft:bamboo_fence_gate	BLOCK_MODEL
minecraft:bamboo_hanging_sign	GENERATED_2D
minecraft:bamboo_mosaic	BLOCK_MODEL
minecraft:bamboo_mosaic_slab	BLOCK_MODEL
minecraft:bamboo_mosaic_stairs	BLOCK_MODEL
minecraft:bamboo_planks	BLOCK_MODEL
minecraft:bamboo_pressure_plate	BLOCK_MODEL
minecraft:bamboo_raft	GENERATED_2D
minecraft:bamboo_shelf	BLOCK_MODEL
minecraft:bamboo_sign	GENERATED_2D
minecraft:bamboo_slab	BLOCK_MODEL
minecraft:bamboo_stairs	BLOCK_MODEL
minecraft:bamboo_trapdoor	BLOCK_MODEL
minecraft:barrel	BLOCK_MODEL
minecraft:barrier	GENERATED_2D
minecraft:basalt	BLOCK_MODEL
minecraft:bat_spawn_egg	GENERATED_2D
minecraft:beacon	BLOCK_MODEL
minecraft:bedrock	BLOCK_MODEL
minecraft:bee_nest	BLOCK_MODEL
minecraft:bee_spawn_egg	GENERATED_2D
minecraft:beef	GENERATED_2D
minecraft:beehive	BLOCK_MODEL
minecraft:beetroot	GENERATED_2D
minecraft:beetroot_seeds	GENERATED_2D
minecraft:beetroot_soup	GENERATED_2D
minecraft:bell	GENERATED_2D
minecraft:big_dripleaf	BLOCK_MODEL
minecraft:birch_boat	GENERATED_2D
minecraft:birch_button	BLOCK_MODEL
minecraft:birch_chest_boat	GENERATED_2D
minecraft:birch_door	GENERATED_2D
minecraft:birch_fence	BLOCK_MODEL
minecraft:birch_fence_gate	BLOCK_MODEL
minecraft:birch_hanging_sign	GENERATED_2D
minecraft:birch_leaves	BLOCK_MODEL
minecraft:birch_log	BLOCK_MODEL
minecraft:birch_planks	BLOCK_MODEL
minecraft:birch_pressure_plate	BLOCK_MODEL
minecraft:birch_sapling	GENERATED_2D
minecraft:birch_shelf	BLOCK_MODEL
minecraft:birch_sign	GENERATED_2D
minecraft:birch_slab	BLOCK_MODEL
minecraft:birch_stairs	BLOCK_MODEL
minecraft:birch_trapdoor	BLOCK_MODEL
minecraft:birch_wood	BLOCK_MODEL
minecraft:black_bed	BLOCK_MODEL
minecraft:black_bundle	GENERATED_2D
minecraft:black_candle	GENERATED_2D
minecraft:black_carpet	BLOCK_MODEL
minecraft:black_concrete	BLOCK_MODEL
minecraft:black_concrete_powder	BLOCK_MODEL
minecraft:black_concrete_slab	BLOCK_MODEL
minecraft:black_concrete_stairs	BLOCK_MODEL
minecraft:black_cushion	GENERATED_2D
minecraft:black_dye	GENERATED_2D
minecraft:black_glazed_terracotta	BLOCK_MODEL
minecraft:black_harness	GENERATED_2D
minecraft:black_stained_glass	BLOCK_MODEL
minecraft:black_stained_glass_pane	GENERATED_2D
minecraft:black_terracotta	BLOCK_MODEL
minecraft:black_wool	BLOCK_MODEL
minecraft:black_wool_slab	BLOCK_MODEL
minecraft:black_wool_stairs	BLOCK_MODEL
minecraft:blackstone	BLOCK_MODEL
minecraft:blackstone_slab	BLOCK_MODEL
minecraft:blackstone_stairs	BLOCK_MODEL
minecraft:blackstone_wall	BLOCK_MODEL
minecraft:blade_pottery_sherd	GENERATED_2D
minecraft:blast_furnace	BLOCK_MODEL
minecraft:blaze_powder	GENERATED_2D
minecraft:blaze_rod	GENERATED_2D
minecraft:blaze_spawn_egg	GENERATED_2D
minecraft:blue_bed	BLOCK_MODEL
minecraft:blue_bundle	GENERATED_2D
minecraft:blue_candle	GENERATED_2D
minecraft:blue_carpet	BLOCK_MODEL
minecraft:blue_concrete	BLOCK_MODEL
minecraft:blue_concrete_powder	BLOCK_MODEL
minecraft:blue_concrete_slab	BLOCK_MODEL
minecraft:blue_concrete_stairs	BLOCK_MODEL
minecraft:blue_cushion	GENERATED_2D
minecraft:blue_dye	GENERATED_2D
minecraft:blue_egg	GENERATED_2D
minecraft:blue_glazed_terracotta	BLOCK_MODEL
minecraft:blue_harness	GENERATED_2D
minecraft:blue_ice	BLOCK_MODEL
minecraft:blue_orchid	GENERATED_2D
minecraft:blue_stained_glass	BLOCK_MODEL
minecraft:blue_stained_glass_pane	GENERATED_2D
minecraft:blue_terracotta	BLOCK_MODEL
minecraft:blue_wool	BLOCK_MODEL
minecraft:blue_wool_slab	BLOCK_MODEL
minecraft:blue_wool_stairs	BLOCK_MODEL
minecraft:bogged_spawn_egg	GENERATED_2D
minecraft:bolt_armor_trim_smithing_template	GENERATED_2D
minecraft:bone	GENERATED_2D
minecraft:bone_block	BLOCK_MODEL
minecraft:bone_meal	GENERATED_2D
minecraft:book	GENERATED_2D
minecraft:bookshelf	BLOCK_MODEL
minecraft:bordure_indented_banner_pattern	GENERATED_2D
minecraft:bow	GENERATED_2D
minecraft:bowl	GENERATED_2D
minecraft:brain_coral	GENERATED_2D
minecraft:brain_coral_block	BLOCK_MODEL
minecraft:brain_coral_fan	GENERATED_2D
minecraft:bread	GENERATED_2D
minecraft:breeze_rod	GENERATED_2D
minecraft:breeze_spawn_egg	GENERATED_2D
minecraft:brewer_pottery_sherd	GENERATED_2D
minecraft:brewing_stand	GENERATED_2D
minecraft:brick	GENERATED_2D
minecraft:brick_slab	BLOCK_MODEL
minecraft:brick_stairs	BLOCK_MODEL
minecraft:brick_wall	BLOCK_MODEL
minecraft:bricks	BLOCK_MODEL
minecraft:brown_bed	BLOCK_MODEL
minecraft:brown_bundle	GENERATED_2D
minecraft:brown_candle	GENERATED_2D
minecraft:brown_carpet	BLOCK_MODEL
minecraft:brown_concrete	BLOCK_MODEL
minecraft:brown_concrete_powder	BLOCK_MODEL
minecraft:brown_concrete_slab	BLOCK_MODEL
minecraft:brown_concrete_stairs	BLOCK_MODEL
minecraft:brown_cushion	GENERATED_2D
minecraft:brown_dye	GENERATED_2D
minecraft:brown_egg	GENERATED_2D
minecraft:brown_glazed_terracotta	BLOCK_MODEL
minecraft:brown_harness	GENERATED_2D
minecraft:brown_mushroom	GENERATED_2D
minecraft:brown_mushroom_block	BLOCK_MODEL
minecraft:brown_stained_glass	BLOCK_MODEL
minecraft:brown_stained_glass_pane	GENERATED_2D
minecraft:brown_terracotta	BLOCK_MODEL
minecraft:brown_wool	BLOCK_MODEL
minecraft:brown_wool_slab	BLOCK_MODEL
minecraft:brown_wool_stairs	BLOCK_MODEL
minecraft:brush	GENERATED_2D
minecraft:bubble_coral	GENERATED_2D
minecraft:bubble_coral_block	BLOCK_MODEL
minecraft:bubble_coral_fan	GENERATED_2D
minecraft:bucket	GENERATED_2D
minecraft:budding_amethyst	BLOCK_MODEL
minecraft:bundle	GENERATED_2D
minecraft:buried_ancient_city_map	GENERATED_2D
minecraft:buried_mineshaft_map	GENERATED_2D
minecraft:buried_treasure_map	GENERATED_2D
minecraft:buried_trial_chambers_map	GENERATED_2D
minecraft:burn_pottery_sherd	GENERATED_2D
minecraft:bush	GENERATED_2D
minecraft:cactus	BLOCK_MODEL
minecraft:cactus_flower	GENERATED_2D
minecraft:cake	GENERATED_2D
minecraft:calcite	BLOCK_MODEL
minecraft:calibrated_sculk_sensor	BLOCK_MODEL
minecraft:camel_husk_spawn_egg	GENERATED_2D
minecraft:camel_spawn_egg	GENERATED_2D
minecraft:campfire	GENERATED_2D
minecraft:candle	GENERATED_2D
minecraft:carrot	GENERATED_2D
minecraft:carrot_on_a_stick	GENERATED_2D
minecraft:cartography_table	BLOCK_MODEL
minecraft:carved_pumpkin	BLOCK_MODEL
minecraft:cat_spawn_egg	GENERATED_2D
minecraft:cauldron	GENERATED_2D
minecraft:cave_spider_spawn_egg	GENERATED_2D
minecraft:chain_command_block	BLOCK_MODEL
minecraft:chainmail_boots	GENERATED_2D
minecraft:chainmail_chestplate	GENERATED_2D
minecraft:chainmail_helmet	GENERATED_2D
minecraft:chainmail_leggings	GENERATED_2D
minecraft:charcoal	GENERATED_2D
minecraft:cherry_boat	GENERATED_2D
minecraft:cherry_button	BLOCK_MODEL
minecraft:cherry_chest_boat	GENERATED_2D
minecraft:cherry_door	GENERATED_2D
minecraft:cherry_fence	BLOCK_MODEL
minecraft:cherry_fence_gate	BLOCK_MODEL
minecraft:cherry_hanging_sign	GENERATED_2D
minecraft:cherry_leaves	BLOCK_MODEL
minecraft:cherry_log	BLOCK_MODEL
minecraft:cherry_planks	BLOCK_MODEL
minecraft:cherry_pressure_plate	BLOCK_MODEL
minecraft:cherry_sapling	GENERATED_2D
minecraft:cherry_shelf	BLOCK_MODEL
minecraft:cherry_sign	GENERATED_2D
minecraft:cherry_slab	BLOCK_MODEL
minecraft:cherry_stairs	BLOCK_MODEL
minecraft:cherry_trapdoor	BLOCK_MODEL
minecraft:cherry_wood	BLOCK_MODEL
minecraft:chest_minecart	GENERATED_2D
minecraft:chicken	GENERATED_2D
minecraft:chicken_spawn_egg	GENERATED_2D
minecraft:chipped_anvil	BLOCK_MODEL
minecraft:chiseled_bookshelf	BLOCK_MODEL
minecraft:chiseled_cinnabar	BLOCK_MODEL
minecraft:chiseled_copper	BLOCK_MODEL
minecraft:chiseled_deepslate	BLOCK_MODEL
minecraft:chiseled_nether_bricks	BLOCK_MODEL
minecraft:chiseled_polished_blackstone	BLOCK_MODEL
minecraft:chiseled_quartz_block	BLOCK_MODEL
minecraft:chiseled_red_sandstone	BLOCK_MODEL
minecraft:chiseled_resin_bricks	BLOCK_MODEL
minecraft:chiseled_sandstone	BLOCK_MODEL
minecraft:chiseled_stone_bricks	BLOCK_MODEL
minecraft:chiseled_sulfur	BLOCK_MODEL
minecraft:chiseled_tuff	BLOCK_MODEL
minecraft:chiseled_tuff_bricks	BLOCK_MODEL
minecraft:chorus_flower	BLOCK_MODEL
minecraft:chorus_fruit	GENERATED_2D
minecraft:chorus_plant	BLOCK_MODEL
minecraft:cinnabar	BLOCK_MODEL
minecraft:cinnabar_brick_slab	BLOCK_MODEL
minecraft:cinnabar_brick_stairs	BLOCK_MODEL
minecraft:cinnabar_brick_wall	BLOCK_MODEL
minecraft:cinnabar_bricks	BLOCK_MODEL
minecraft:cinnabar_slab	BLOCK_MODEL
minecraft:cinnabar_stairs	BLOCK_MODEL
minecraft:cinnabar_wall	BLOCK_MODEL
minecraft:clay	BLOCK_MODEL
minecraft:clay_ball	GENERATED_2D
minecraft:closed_eyeblossom	GENERATED_2D
minecraft:coal	GENERATED_2D
minecraft:coal_block	BLOCK_MODEL
minecraft:coal_ore	BLOCK_MODEL
minecraft:coarse_dirt	BLOCK_MODEL
minecraft:coast_armor_trim_smithing_template	GENERATED_2D
minecraft:cobbled_deepslate	BLOCK_MODEL
minecraft:cobbled_deepslate_slab	BLOCK_MODEL
minecraft:cobbled_deepslate_stairs	BLOCK_MODEL
minecraft:cobbled_deepslate_wall	BLOCK_MODEL
minecraft:cobblestone	BLOCK_MODEL
minecraft:cobblestone_slab	BLOCK_MODEL
minecraft:cobblestone_stairs	BLOCK_MODEL
minecraft:cobblestone_wall	BLOCK_MODEL
minecraft:cobweb	GENERATED_2D
minecraft:cocoa_beans	GENERATED_2D
minecraft:cod	GENERATED_2D
minecraft:cod_bucket	GENERATED_2D
minecraft:cod_spawn_egg	GENERATED_2D
minecraft:command_block	BLOCK_MODEL
minecraft:command_block_minecart	GENERATED_2D
minecraft:comparator	GENERATED_2D
minecraft:composter	BLOCK_MODEL
minecraft:cooked_beef	GENERATED_2D
minecraft:cooked_chicken	GENERATED_2D
minecraft:cooked_cod	GENERATED_2D
minecraft:cooked_mutton	GENERATED_2D
minecraft:cooked_porkchop	GENERATED_2D
minecraft:cooked_rabbit	GENERATED_2D
minecraft:cooked_salmon	GENERATED_2D
minecraft:cookie	GENERATED_2D
minecraft:copper_axe	GENERATED_2D
minecraft:copper_bars	GENERATED_2D
minecraft:copper_block	BLOCK_MODEL
minecraft:copper_boots	GENERATED_2D
minecraft:copper_bulb	BLOCK_MODEL
minecraft:copper_chain	GENERATED_2D
minecraft:copper_chestplate	GENERATED_2D
minecraft:copper_door	GENERATED_2D
minecraft:copper_golem_spawn_egg	GENERATED_2D
minecraft:copper_grate	BLOCK_MODEL
minecraft:copper_helmet	GENERATED_2D
minecraft:copper_hoe	GENERATED_2D
minecraft:copper_horse_armor	GENERATED_2D
minecraft:copper_ingot	GENERATED_2D
minecraft:copper_lantern	GENERATED_2D
minecraft:copper_leggings	GENERATED_2D
minecraft:copper_nautilus_armor	GENERATED_2D
minecraft:copper_nugget	GENERATED_2D
minecraft:copper_ore	BLOCK_MODEL
minecraft:copper_pickaxe	GENERATED_2D
minecraft:copper_shovel	GENERATED_2D
minecraft:copper_spear	GENERATED_2D
minecraft:copper_sword	GENERATED_2D
minecraft:copper_torch	GENERATED_2D
minecraft:copper_trapdoor	BLOCK_MODEL
minecraft:cornflower	GENERATED_2D
minecraft:cow_spawn_egg	GENERATED_2D
minecraft:cracked_deepslate_bricks	BLOCK_MODEL
minecraft:cracked_deepslate_tiles	BLOCK_MODEL
minecraft:cracked_nether_bricks	BLOCK_MODEL
minecraft:cracked_polished_blackstone_bricks	BLOCK_MODEL
minecraft:cracked_stone_bricks	BLOCK_MODEL
minecraft:crafter	BLOCK_MODEL
minecraft:crafting_table	BLOCK_MODEL
minecraft:creaking_heart	BLOCK_MODEL
minecraft:creaking_spawn_egg	GENERATED_2D
minecraft:creeper_banner_pattern	GENERATED_2D
minecraft:creeper_spawn_egg	GENERATED_2D
minecraft:crimson_button	BLOCK_MODEL
minecraft:crimson_door	GENERATED_2D
minecraft:crimson_fence	BLOCK_MODEL
minecraft:crimson_fence_gate	BLOCK_MODEL
minecraft:crimson_fungus	GENERATED_2D
minecraft:crimson_hanging_sign	GENERATED_2D
minecraft:crimson_hyphae	BLOCK_MODEL
minecraft:crimson_nylium	BLOCK_MODEL
minecraft:crimson_planks	BLOCK_MODEL
minecraft:crimson_pressure_plate	BLOCK_MODEL
minecraft:crimson_roots	GENERATED_2D
minecraft:crimson_shelf	BLOCK_MODEL
minecraft:crimson_sign	GENERATED_2D
minecraft:crimson_slab	BLOCK_MODEL
minecraft:crimson_stairs	BLOCK_MODEL
minecraft:crimson_stem	BLOCK_MODEL
minecraft:crimson_trapdoor	BLOCK_MODEL
minecraft:crossbow	GENERATED_2D
minecraft:crying_obsidian	BLOCK_MODEL
minecraft:cut_copper	BLOCK_MODEL
minecraft:cut_copper_slab	BLOCK_MODEL
minecraft:cut_copper_stairs	BLOCK_MODEL
minecraft:cut_red_sandstone	BLOCK_MODEL
minecraft:cut_red_sandstone_slab	BLOCK_MODEL
minecraft:cut_sandstone	BLOCK_MODEL
minecraft:cut_sandstone_slab	BLOCK_MODEL
minecraft:cyan_bed	BLOCK_MODEL
minecraft:cyan_bundle	GENERATED_2D
minecraft:cyan_candle	GENERATED_2D
minecraft:cyan_carpet	BLOCK_MODEL
minecraft:cyan_concrete	BLOCK_MODEL
minecraft:cyan_concrete_powder	BLOCK_MODEL
minecraft:cyan_concrete_slab	BLOCK_MODEL
minecraft:cyan_concrete_stairs	BLOCK_MODEL
minecraft:cyan_cushion	GENERATED_2D
minecraft:cyan_dye	GENERATED_2D
minecraft:cyan_glazed_terracotta	BLOCK_MODEL
minecraft:cyan_harness	GENERATED_2D
minecraft:cyan_stained_glass	BLOCK_MODEL
minecraft:cyan_stained_glass_pane	GENERATED_2D
minecraft:cyan_terracotta	BLOCK_MODEL
minecraft:cyan_wool	BLOCK_MODEL
minecraft:cyan_wool_slab	BLOCK_MODEL
minecraft:cyan_wool_stairs	BLOCK_MODEL
minecraft:damaged_anvil	BLOCK_MODEL
minecraft:dandelion	GENERATED_2D
minecraft:danger_pottery_sherd	GENERATED_2D
minecraft:dark_oak_boat	GENERATED_2D
minecraft:dark_oak_button	BLOCK_MODEL
minecraft:dark_oak_chest_boat	GENERATED_2D
minecraft:dark_oak_door	GENERATED_2D
minecraft:dark_oak_fence	BLOCK_MODEL
minecraft:dark_oak_fence_gate	BLOCK_MODEL
minecraft:dark_oak_hanging_sign	GENERATED_2D
minecraft:dark_oak_leaves	BLOCK_MODEL
minecraft:dark_oak_log	BLOCK_MODEL
minecraft:dark_oak_planks	BLOCK_MODEL
minecraft:dark_oak_pressure_plate	BLOCK_MODEL
minecraft:dark_oak_sapling	GENERATED_2D
minecraft:dark_oak_shelf	BLOCK_MODEL
minecraft:dark_oak_sign	GENERATED_2D
minecraft:dark_oak_slab	BLOCK_MODEL
minecraft:dark_oak_stairs	BLOCK_MODEL
minecraft:dark_oak_trapdoor	BLOCK_MODEL
minecraft:dark_oak_wood	BLOCK_MODEL
minecraft:dark_prismarine	BLOCK_MODEL
minecraft:dark_prismarine_slab	BLOCK_MODEL
minecraft:dark_prismarine_stairs	BLOCK_MODEL
minecraft:daylight_detector	BLOCK_MODEL
minecraft:dead_brain_coral	GENERATED_2D
minecraft:dead_brain_coral_block	BLOCK_MODEL
minecraft:dead_brain_coral_fan	GENERATED_2D
minecraft:dead_bubble_coral	GENERATED_2D
minecraft:dead_bubble_coral_block	BLOCK_MODEL
minecraft:dead_bubble_coral_fan	GENERATED_2D
minecraft:dead_bush	GENERATED_2D
minecraft:dead_fire_coral	GENERATED_2D
minecraft:dead_fire_coral_block	BLOCK_MODEL
minecraft:dead_fire_coral_fan	GENERATED_2D
minecraft:dead_horn_coral	GENERATED_2D
minecraft:dead_horn_coral_block	BLOCK_MODEL
minecraft:dead_horn_coral_fan	GENERATED_2D
minecraft:dead_tube_coral	GENERATED_2D
minecraft:dead_tube_coral_block	BLOCK_MODEL
minecraft:dead_tube_coral_fan	GENERATED_2D
minecraft:debug_stick	GENERATED_2D
minecraft:deepslate	BLOCK_MODEL
minecraft:deepslate_brick_slab	BLOCK_MODEL
minecraft:deepslate_brick_stairs	BLOCK_MODEL
minecraft:deepslate_brick_wall	BLOCK_MODEL
minecraft:deepslate_bricks	BLOCK_MODEL
minecraft:deepslate_coal_ore	BLOCK_MODEL
minecraft:deepslate_copper_ore	BLOCK_MODEL
minecraft:deepslate_diamond_ore	BLOCK_MODEL
minecraft:deepslate_emerald_ore	BLOCK_MODEL
minecraft:deepslate_gold_ore	BLOCK_MODEL
minecraft:deepslate_iron_ore	BLOCK_MODEL
minecraft:deepslate_lapis_ore	BLOCK_MODEL
minecraft:deepslate_redstone_ore	BLOCK_MODEL
minecraft:deepslate_tile_slab	BLOCK_MODEL
minecraft:deepslate_tile_stairs	BLOCK_MODEL
minecraft:deepslate_tile_wall	BLOCK_MODEL
minecraft:deepslate_tiles	BLOCK_MODEL
minecraft:desert_pyramid_map	GENERATED_2D
minecraft:desert_village_map	GENERATED_2D
minecraft:detector_rail	GENERATED_2D
minecraft:diamond	GENERATED_2D
minecraft:diamond_axe	GENERATED_2D
minecraft:diamond_block	BLOCK_MODEL
minecraft:diamond_boots	GENERATED_2D
minecraft:diamond_chestplate	GENERATED_2D
minecraft:diamond_helmet	GENERATED_2D
minecraft:diamond_hoe	GENERATED_2D
minecraft:diamond_horse_armor	GENERATED_2D
minecraft:diamond_leggings	GENERATED_2D
minecraft:diamond_nautilus_armor	GENERATED_2D
minecraft:diamond_ore	BLOCK_MODEL
minecraft:diamond_pickaxe	GENERATED_2D
minecraft:diamond_shovel	GENERATED_2D
minecraft:diamond_spear	GENERATED_2D
minecraft:diamond_sword	GENERATED_2D
minecraft:diorite	BLOCK_MODEL
minecraft:diorite_slab	BLOCK_MODEL
minecraft:diorite_stairs	BLOCK_MODEL
minecraft:diorite_wall	BLOCK_MODEL
minecraft:dirt	BLOCK_MODEL
minecraft:dirt_path	BLOCK_MODEL
minecraft:disc_fragment_5	GENERATED_2D
minecraft:dispenser	BLOCK_MODEL
minecraft:dolphin_spawn_egg	GENERATED_2D
minecraft:donkey_spawn_egg	GENERATED_2D
minecraft:dragon_breath	GENERATED_2D
minecraft:dragon_egg	BLOCK_MODEL
minecraft:dried_ghast	BLOCK_MODEL
minecraft:dried_kelp	GENERATED_2D
minecraft:dried_kelp_block	BLOCK_MODEL
minecraft:dripstone_block	BLOCK_MODEL
minecraft:dropper	BLOCK_MODEL
minecraft:drowned_spawn_egg	GENERATED_2D
minecraft:dune_armor_trim_smithing_template	GENERATED_2D
minecraft:echo_shard	GENERATED_2D
minecraft:egg	GENERATED_2D
minecraft:elder_guardian_spawn_egg	GENERATED_2D
minecraft:elytra	GENERATED_2D
minecraft:emerald	GENERATED_2D
minecraft:emerald_block	BLOCK_MODEL
minecraft:emerald_ore	BLOCK_MODEL
minecraft:enchanted_book	GENERATED_2D
minecraft:enchanted_golden_apple	GENERATED_2D
minecraft:enchanting_table	BLOCK_MODEL
minecraft:end_crystal	GENERATED_2D
minecraft:end_portal_frame	BLOCK_MODEL
minecraft:end_rod	BLOCK_MODEL
minecraft:end_stone	BLOCK_MODEL
minecraft:end_stone_brick_slab	BLOCK_MODEL
minecraft:end_stone_brick_stairs	BLOCK_MODEL
minecraft:end_stone_brick_wall	BLOCK_MODEL
minecraft:end_stone_bricks	BLOCK_MODEL
minecraft:ender_dragon_spawn_egg	GENERATED_2D
minecraft:ender_eye	GENERATED_2D
minecraft:ender_pearl	GENERATED_2D
minecraft:enderman_spawn_egg	GENERATED_2D
minecraft:endermite_spawn_egg	GENERATED_2D
minecraft:evoker_spawn_egg	GENERATED_2D
minecraft:experience_bottle	GENERATED_2D
minecraft:explorer_pottery_sherd	GENERATED_2D
minecraft:exposed_chiseled_copper	BLOCK_MODEL
minecraft:exposed_copper	BLOCK_MODEL
minecraft:exposed_copper_bars	GENERATED_2D
minecraft:exposed_copper_bulb	BLOCK_MODEL
minecraft:exposed_copper_chain	GENERATED_2D
minecraft:exposed_copper_door	GENERATED_2D
minecraft:exposed_copper_grate	BLOCK_MODEL
minecraft:exposed_copper_lantern	GENERATED_2D
minecraft:exposed_copper_trapdoor	BLOCK_MODEL
minecraft:exposed_cut_copper	BLOCK_MODEL
minecraft:exposed_cut_copper_slab	BLOCK_MODEL
minecraft:exposed_cut_copper_stairs	BLOCK_MODEL
minecraft:exposed_lightning_rod	BLOCK_MODEL
minecraft:eye_armor_trim_smithing_template	GENERATED_2D
minecraft:farmland	BLOCK_MODEL
minecraft:feather	GENERATED_2D
minecraft:fermented_spider_eye	GENERATED_2D
minecraft:fern	GENERATED_2D
minecraft:field_masoned_banner_pattern	GENERATED_2D
minecraft:filled_map	GENERATED_2D
minecraft:fire_charge	GENERATED_2D
minecraft:fire_coral	GENERATED_2D
minecraft:fire_coral_block	BLOCK_MODEL
minecraft:fire_coral_fan	GENERATED_2D
minecraft:firefly_bush	GENERATED_2D
minecraft:firework_rocket	GENERATED_2D
minecraft:fishing_rod	GENERATED_2D
minecraft:fletching_table	BLOCK_MODEL
minecraft:flint	GENERATED_2D
minecraft:flint_and_steel	GENERATED_2D
minecraft:flow_armor_trim_smithing_template	GENERATED_2D
minecraft:flow_banner_pattern	GENERATED_2D
minecraft:flow_pottery_sherd	GENERATED_2D
minecraft:flower_banner_pattern	GENERATED_2D
minecraft:flower_pot	GENERATED_2D
minecraft:flowering_azalea	BLOCK_MODEL
minecraft:flowering_azalea_leaves	BLOCK_MODEL
minecraft:fox_spawn_egg	GENERATED_2D
minecraft:friend_pottery_sherd	GENERATED_2D
minecraft:frog_spawn_egg	GENERATED_2D
minecraft:frogspawn	GENERATED_2D
minecraft:furnace	BLOCK_MODEL
minecraft:furnace_minecart	GENERATED_2D
minecraft:ghast_spawn_egg	GENERATED_2D
minecraft:ghast_tear	GENERATED_2D
minecraft:gilded_blackstone	BLOCK_MODEL
minecraft:glass	BLOCK_MODEL
minecraft:glass_bottle	GENERATED_2D
minecraft:glass_pane	GENERATED_2D
minecraft:glistering_melon_slice	GENERATED_2D
minecraft:globe_banner_pattern	GENERATED_2D
minecraft:glow_berries	GENERATED_2D
minecraft:glow_ink_sac	GENERATED_2D
minecraft:glow_item_frame	GENERATED_2D
minecraft:glow_lichen	GENERATED_2D
minecraft:glow_squid_spawn_egg	GENERATED_2D
minecraft:glowstone	BLOCK_MODEL
minecraft:glowstone_dust	GENERATED_2D
minecraft:goat_horn	GENERATED_2D
minecraft:goat_spawn_egg	GENERATED_2D
minecraft:gold_block	BLOCK_MODEL
minecraft:gold_ingot	GENERATED_2D
minecraft:gold_nugget	GENERATED_2D
minecraft:gold_ore	BLOCK_MODEL
minecraft:golden_apple	GENERATED_2D
minecraft:golden_axe	GENERATED_2D
minecraft:golden_boots	GENERATED_2D
minecraft:golden_carrot	GENERATED_2D
minecraft:golden_chestplate	GENERATED_2D
minecraft:golden_dandelion	GENERATED_2D
minecraft:golden_helmet	GENERATED_2D
minecraft:golden_hoe	GENERATED_2D
minecraft:golden_horse_armor	GENERATED_2D
minecraft:golden_leggings	GENERATED_2D
minecraft:golden_nautilus_armor	GENERATED_2D
minecraft:golden_pickaxe	GENERATED_2D
minecraft:golden_shovel	GENERATED_2D
minecraft:golden_spear	GENERATED_2D
minecraft:golden_sword	GENERATED_2D
minecraft:granite	BLOCK_MODEL
minecraft:granite_slab	BLOCK_MODEL
minecraft:granite_stairs	BLOCK_MODEL
minecraft:granite_wall	BLOCK_MODEL
minecraft:grass_block	BLOCK_MODEL
minecraft:gravel	BLOCK_MODEL
minecraft:gray_bed	BLOCK_MODEL
minecraft:gray_bundle	GENERATED_2D
minecraft:gray_candle	GENERATED_2D
minecraft:gray_carpet	BLOCK_MODEL
minecraft:gray_concrete	BLOCK_MODEL
minecraft:gray_concrete_powder	BLOCK_MODEL
minecraft:gray_concrete_slab	BLOCK_MODEL
minecraft:gray_concrete_stairs	BLOCK_MODEL
minecraft:gray_cushion	GENERATED_2D
minecraft:gray_dye	GENERATED_2D
minecraft:gray_glazed_terracotta	BLOCK_MODEL
minecraft:gray_harness	GENERATED_2D
minecraft:gray_stained_glass	BLOCK_MODEL
minecraft:gray_stained_glass_pane	GENERATED_2D
minecraft:gray_terracotta	BLOCK_MODEL
minecraft:gray_wool	BLOCK_MODEL
minecraft:gray_wool_slab	BLOCK_MODEL
minecraft:gray_wool_stairs	BLOCK_MODEL
minecraft:green_bed	BLOCK_MODEL
minecraft:green_bundle	GENERATED_2D
minecraft:green_candle	GENERATED_2D
minecraft:green_carpet	BLOCK_MODEL
minecraft:green_concrete	BLOCK_MODEL
minecraft:green_concrete_powder	BLOCK_MODEL
minecraft:green_concrete_slab	BLOCK_MODEL
minecraft:green_concrete_stairs	BLOCK_MODEL
minecraft:green_cushion	GENERATED_2D
minecraft:green_dye	GENERATED_2D
minecraft:green_glazed_terracotta	BLOCK_MODEL
minecraft:green_harness	GENERATED_2D
minecraft:green_stained_glass	BLOCK_MODEL
minecraft:green_stained_glass_pane	GENERATED_2D
minecraft:green_terracotta	BLOCK_MODEL
minecraft:green_wool	BLOCK_MODEL
minecraft:green_wool_slab	BLOCK_MODEL
minecraft:green_wool_stairs	BLOCK_MODEL
minecraft:grindstone	BLOCK_MODEL
minecraft:guardian_spawn_egg	GENERATED_2D
minecraft:gunpowder	GENERATED_2D
minecraft:guster_banner_pattern	GENERATED_2D
minecraft:guster_pottery_sherd	GENERATED_2D
minecraft:hanging_roots	GENERATED_2D
minecraft:happy_ghast_spawn_egg	GENERATED_2D
minecraft:hay_block	BLOCK_MODEL
minecraft:heart_of_the_sea	GENERATED_2D
minecraft:heart_pottery_sherd	GENERATED_2D
minecraft:heartbreak_pottery_sherd	GENERATED_2D
minecraft:heavy_core	BLOCK_MODEL
minecraft:heavy_weighted_pressure_plate	BLOCK_MODEL
minecraft:hoglin_spawn_egg	GENERATED_2D
minecraft:honey_block	BLOCK_MODEL
minecraft:honey_bottle	GENERATED_2D
minecraft:honeycomb	GENERATED_2D
minecraft:honeycomb_block	BLOCK_MODEL
minecraft:hopper	GENERATED_2D
minecraft:hopper_minecart	GENERATED_2D
minecraft:horn_coral	GENERATED_2D
minecraft:horn_coral_block	BLOCK_MODEL
minecraft:horn_coral_fan	GENERATED_2D
minecraft:horse_spawn_egg	GENERATED_2D
minecraft:host_armor_trim_smithing_template	GENERATED_2D
minecraft:howl_pottery_sherd	GENERATED_2D
minecraft:husk_spawn_egg	GENERATED_2D
minecraft:ice	BLOCK_MODEL
minecraft:infested_chiseled_stone_bricks	BLOCK_MODEL
minecraft:infested_cobblestone	BLOCK_MODEL
minecraft:infested_cracked_stone_bricks	BLOCK_MODEL
minecraft:infested_deepslate	BLOCK_MODEL
minecraft:infested_mossy_stone_bricks	BLOCK_MODEL
minecraft:infested_stone	BLOCK_MODEL
minecraft:infested_stone_bricks	BLOCK_MODEL
minecraft:ink_sac	GENERATED_2D
minecraft:iron_axe	GENERATED_2D
minecraft:iron_bars	GENERATED_2D
minecraft:iron_block	BLOCK_MODEL
minecraft:iron_boots	GENERATED_2D
minecraft:iron_chain	GENERATED_2D
minecraft:iron_chestplate	GENERATED_2D
minecraft:iron_door	GENERATED_2D
minecraft:iron_golem_spawn_egg	GENERATED_2D
minecraft:iron_helmet	GENERATED_2D
minecraft:iron_hoe	GENERATED_2D
minecraft:iron_horse_armor	GENERATED_2D
minecraft:iron_ingot	GENERATED_2D
minecraft:iron_leggings	GENERATED_2D
minecraft:iron_nautilus_armor	GENERATED_2D
minecraft:iron_nugget	GENERATED_2D
minecraft:iron_ore	BLOCK_MODEL
minecraft:iron_pickaxe	GENERATED_2D
minecraft:iron_shovel	GENERATED_2D
minecraft:iron_spear	GENERATED_2D
minecraft:iron_sword	GENERATED_2D
minecraft:iron_trapdoor	BLOCK_MODEL
minecraft:item_frame	GENERATED_2D
minecraft:jack_o_lantern	BLOCK_MODEL
minecraft:jigsaw	BLOCK_MODEL
minecraft:jukebox	BLOCK_MODEL
minecraft:jungle_boat	GENERATED_2D
minecraft:jungle_button	BLOCK_MODEL
minecraft:jungle_chest_boat	GENERATED_2D
minecraft:jungle_door	GENERATED_2D
minecraft:jungle_fence	BLOCK_MODEL
minecraft:jungle_fence_gate	BLOCK_MODEL
minecraft:jungle_hanging_sign	GENERATED_2D
minecraft:jungle_leaves	BLOCK_MODEL
minecraft:jungle_log	BLOCK_MODEL
minecraft:jungle_planks	BLOCK_MODEL
minecraft:jungle_pressure_plate	BLOCK_MODEL
minecraft:jungle_pyramid_map	GENERATED_2D
minecraft:jungle_sapling	GENERATED_2D
minecraft:jungle_shelf	BLOCK_MODEL
minecraft:jungle_sign	GENERATED_2D
minecraft:jungle_slab	BLOCK_MODEL
minecraft:jungle_stairs	BLOCK_MODEL
minecraft:jungle_trapdoor	BLOCK_MODEL
minecraft:jungle_wood	BLOCK_MODEL
minecraft:kelp	GENERATED_2D
minecraft:knowledge_book	GENERATED_2D
minecraft:ladder	GENERATED_2D
minecraft:lantern	GENERATED_2D
minecraft:lapis_block	BLOCK_MODEL
minecraft:lapis_lazuli	GENERATED_2D
minecraft:lapis_ore	BLOCK_MODEL
minecraft:large_amethyst_bud	GENERATED_2D
minecraft:large_fern	GENERATED_2D
minecraft:lava_bucket	GENERATED_2D
minecraft:lead	GENERATED_2D
minecraft:leaf_litter	GENERATED_2D
minecraft:leather	GENERATED_2D
minecraft:lectern	BLOCK_MODEL
minecraft:lever	GENERATED_2D
minecraft:light	GENERATED_2D
minecraft:light_blue_bed	BLOCK_MODEL
minecraft:light_blue_bundle	GENERATED_2D
minecraft:light_blue_candle	GENERATED_2D
minecraft:light_blue_carpet	BLOCK_MODEL
minecraft:light_blue_concrete	BLOCK_MODEL
minecraft:light_blue_concrete_powder	BLOCK_MODEL
minecraft:light_blue_concrete_slab	BLOCK_MODEL
minecraft:light_blue_concrete_stairs	BLOCK_MODEL
minecraft:light_blue_cushion	GENERATED_2D
minecraft:light_blue_dye	GENERATED_2D
minecraft:light_blue_glazed_terracotta	BLOCK_MODEL
minecraft:light_blue_harness	GENERATED_2D
minecraft:light_blue_stained_glass	BLOCK_MODEL
minecraft:light_blue_stained_glass_pane	GENERATED_2D
minecraft:light_blue_terracotta	BLOCK_MODEL
minecraft:light_blue_wool	BLOCK_MODEL
minecraft:light_blue_wool_slab	BLOCK_MODEL
minecraft:light_blue_wool_stairs	BLOCK_MODEL
minecraft:light_gray_bed	BLOCK_MODEL
minecraft:light_gray_bundle	GENERATED_2D
minecraft:light_gray_candle	GENERATED_2D
minecraft:light_gray_carpet	BLOCK_MODEL
minecraft:light_gray_concrete	BLOCK_MODEL
minecraft:light_gray_concrete_powder	BLOCK_MODEL
minecraft:light_gray_concrete_slab	BLOCK_MODEL
minecraft:light_gray_concrete_stairs	BLOCK_MODEL
minecraft:light_gray_cushion	GENERATED_2D
minecraft:light_gray_dye	GENERATED_2D
minecraft:light_gray_glazed_terracotta	BLOCK_MODEL
minecraft:light_gray_harness	GENERATED_2D
minecraft:light_gray_stained_glass	BLOCK_MODEL
minecraft:light_gray_stained_glass_pane	GENERATED_2D
minecraft:light_gray_terracotta	BLOCK_MODEL
minecraft:light_gray_wool	BLOCK_MODEL
minecraft:light_gray_wool_slab	BLOCK_MODEL
minecraft:light_gray_wool_stairs	BLOCK_MODEL
minecraft:light_weighted_pressure_plate	BLOCK_MODEL
minecraft:lightning_rod	BLOCK_MODEL
minecraft:lilac	GENERATED_2D
minecraft:lily_of_the_valley	GENERATED_2D
minecraft:lily_pad	GENERATED_2D
minecraft:lime_bed	BLOCK_MODEL
minecraft:lime_bundle	GENERATED_2D
minecraft:lime_candle	GENERATED_2D
minecraft:lime_carpet	BLOCK_MODEL
minecraft:lime_concrete	BLOCK_MODEL
minecraft:lime_concrete_powder	BLOCK_MODEL
minecraft:lime_concrete_slab	BLOCK_MODEL
minecraft:lime_concrete_stairs	BLOCK_MODEL
minecraft:lime_cushion	GENERATED_2D
minecraft:lime_dye	GENERATED_2D
minecraft:lime_glazed_terracotta	BLOCK_MODEL
minecraft:lime_harness	GENERATED_2D
minecraft:lime_stained_glass	BLOCK_MODEL
minecraft:lime_stained_glass_pane	GENERATED_2D
minecraft:lime_terracotta	BLOCK_MODEL
minecraft:lime_wool	BLOCK_MODEL
minecraft:lime_wool_slab	BLOCK_MODEL
minecraft:lime_wool_stairs	BLOCK_MODEL
minecraft:llama_spawn_egg	GENERATED_2D
minecraft:lodestone	BLOCK_MODEL
minecraft:loom	BLOCK_MODEL
minecraft:mace	GENERATED_2D
minecraft:magenta_bed	BLOCK_MODEL
minecraft:magenta_bundle	GENERATED_2D
minecraft:magenta_candle	GENERATED_2D
minecraft:magenta_carpet	BLOCK_MODEL
minecraft:magenta_concrete	BLOCK_MODEL
minecraft:magenta_concrete_powder	BLOCK_MODEL
minecraft:magenta_concrete_slab	BLOCK_MODEL
minecraft:magenta_concrete_stairs	BLOCK_MODEL
minecraft:magenta_cushion	GENERATED_2D
minecraft:magenta_dye	GENERATED_2D
minecraft:magenta_glazed_terracotta	BLOCK_MODEL
minecraft:magenta_harness	GENERATED_2D
minecraft:magenta_stained_glass	BLOCK_MODEL
minecraft:magenta_stained_glass_pane	GENERATED_2D
minecraft:magenta_terracotta	BLOCK_MODEL
minecraft:magenta_wool	BLOCK_MODEL
minecraft:magenta_wool_slab	BLOCK_MODEL
minecraft:magenta_wool_stairs	BLOCK_MODEL
minecraft:magma_block	BLOCK_MODEL
minecraft:magma_cream	GENERATED_2D
minecraft:magma_cube_spawn_egg	GENERATED_2D
minecraft:mangrove_boat	GENERATED_2D
minecraft:mangrove_button	BLOCK_MODEL
minecraft:mangrove_chest_boat	GENERATED_2D
minecraft:mangrove_door	GENERATED_2D
minecraft:mangrove_fence	BLOCK_MODEL
minecraft:mangrove_fence_gate	BLOCK_MODEL
minecraft:mangrove_hanging_sign	GENERATED_2D
minecraft:mangrove_leaves	BLOCK_MODEL
minecraft:mangrove_log	BLOCK_MODEL
minecraft:mangrove_planks	BLOCK_MODEL
minecraft:mangrove_pressure_plate	BLOCK_MODEL
minecraft:mangrove_propagule	GENERATED_2D
minecraft:mangrove_roots	BLOCK_MODEL
minecraft:mangrove_shelf	BLOCK_MODEL
minecraft:mangrove_sign	GENERATED_2D
minecraft:mangrove_slab	BLOCK_MODEL
minecraft:mangrove_stairs	BLOCK_MODEL
minecraft:mangrove_trapdoor	BLOCK_MODEL
minecraft:mangrove_wood	BLOCK_MODEL
minecraft:map	GENERATED_2D
minecraft:medium_amethyst_bud	GENERATED_2D
minecraft:melon	BLOCK_MODEL
minecraft:melon_seeds	GENERATED_2D
minecraft:melon_slice	GENERATED_2D
minecraft:milk_bucket	GENERATED_2D
minecraft:minecart	GENERATED_2D
minecraft:miner_pottery_sherd	GENERATED_2D
minecraft:mojang_banner_pattern	GENERATED_2D
minecraft:mooshroom_spawn_egg	GENERATED_2D
minecraft:moss_block	BLOCK_MODEL
minecraft:moss_carpet	BLOCK_MODEL
minecraft:mossy_cobblestone	BLOCK_MODEL
minecraft:mossy_cobblestone_slab	BLOCK_MODEL
minecraft:mossy_cobblestone_stairs	BLOCK_MODEL
minecraft:mossy_cobblestone_wall	BLOCK_MODEL
minecraft:mossy_stone_brick_slab	BLOCK_MODEL
minecraft:mossy_stone_brick_stairs	BLOCK_MODEL
minecraft:mossy_stone_brick_wall	BLOCK_MODEL
minecraft:mossy_stone_bricks	BLOCK_MODEL
minecraft:mourner_pottery_sherd	GENERATED_2D
minecraft:mud	BLOCK_MODEL
minecraft:mud_brick_slab	BLOCK_MODEL
minecraft:mud_brick_stairs	BLOCK_MODEL
minecraft:mud_brick_wall	BLOCK_MODEL
minecraft:mud_bricks	BLOCK_MODEL
minecraft:muddy_mangrove_roots	BLOCK_MODEL
minecraft:mule_spawn_egg	GENERATED_2D
minecraft:mushroom_stem	BLOCK_MODEL
minecraft:mushroom_stew	GENERATED_2D
minecraft:music_disc_11	GENERATED_2D
minecraft:music_disc_13	GENERATED_2D
minecraft:music_disc_5	GENERATED_2D
minecraft:music_disc_blocks	GENERATED_2D
minecraft:music_disc_bounce	GENERATED_2D
minecraft:music_disc_cat	GENERATED_2D
minecraft:music_disc_chirp	GENERATED_2D
minecraft:music_disc_creator	GENERATED_2D
minecraft:music_disc_creator_music_box	GENERATED_2D
minecraft:music_disc_far	GENERATED_2D
minecraft:music_disc_lava_chicken	GENERATED_2D
minecraft:music_disc_mall	GENERATED_2D
minecraft:music_disc_mellohi	GENERATED_2D
minecraft:music_disc_otherside	GENERATED_2D
minecraft:music_disc_pigstep	GENERATED_2D
minecraft:music_disc_precipice	GENERATED_2D
minecraft:music_disc_relic	GENERATED_2D
minecraft:music_disc_stal	GENERATED_2D
minecraft:music_disc_strad	GENERATED_2D
minecraft:music_disc_tears	GENERATED_2D
minecraft:music_disc_wait	GENERATED_2D
minecraft:music_disc_ward	GENERATED_2D
minecraft:mutton	GENERATED_2D
minecraft:mycelium	BLOCK_MODEL
minecraft:name_tag	GENERATED_2D
minecraft:nautilus_shell	GENERATED_2D
minecraft:nautilus_spawn_egg	GENERATED_2D
minecraft:nether_brick	GENERATED_2D
minecraft:nether_brick_fence	BLOCK_MODEL
minecraft:nether_brick_slab	BLOCK_MODEL
minecraft:nether_brick_stairs	BLOCK_MODEL
minecraft:nether_brick_wall	BLOCK_MODEL
minecraft:nether_bricks	BLOCK_MODEL
minecraft:nether_gold_ore	BLOCK_MODEL
minecraft:nether_quartz_ore	BLOCK_MODEL
minecraft:nether_sprouts	GENERATED_2D
minecraft:nether_star	GENERATED_2D
minecraft:nether_wart	GENERATED_2D
minecraft:nether_wart_block	BLOCK_MODEL
minecraft:netherite_axe	GENERATED_2D
minecraft:netherite_block	BLOCK_MODEL
minecraft:netherite_boots	GENERATED_2D
minecraft:netherite_chestplate	GENERATED_2D
minecraft:netherite_helmet	GENERATED_2D
minecraft:netherite_hoe	GENERATED_2D
minecraft:netherite_horse_armor	GENERATED_2D
minecraft:netherite_ingot	GENERATED_2D
minecraft:netherite_leggings	GENERATED_2D
minecraft:netherite_nautilus_armor	GENERATED_2D
minecraft:netherite_pickaxe	GENERATED_2D
minecraft:netherite_scrap	GENERATED_2D
minecraft:netherite_shovel	GENERATED_2D
minecraft:netherite_spear	GENERATED_2D
minecraft:netherite_sword	GENERATED_2D
minecraft:netherite_upgrade_smithing_template	GENERATED_2D
minecraft:netherrack	BLOCK_MODEL
minecraft:note_block	BLOCK_MODEL
minecraft:oak_boat	GENERATED_2D
minecraft:oak_button	BLOCK_MODEL
minecraft:oak_chest_boat	GENERATED_2D
minecraft:oak_door	GENERATED_2D
minecraft:oak_fence	BLOCK_MODEL
minecraft:oak_fence_gate	BLOCK_MODEL
minecraft:oak_hanging_sign	GENERATED_2D
minecraft:oak_leaves	BLOCK_MODEL
minecraft:oak_log	BLOCK_MODEL
minecraft:oak_planks	BLOCK_MODEL
minecraft:oak_pressure_plate	BLOCK_MODEL
minecraft:oak_sapling	GENERATED_2D
minecraft:oak_shelf	BLOCK_MODEL
minecraft:oak_sign	GENERATED_2D
minecraft:oak_slab	BLOCK_MODEL
minecraft:oak_stairs	BLOCK_MODEL
minecraft:oak_trapdoor	BLOCK_MODEL
minecraft:oak_wood	BLOCK_MODEL
minecraft:observer	BLOCK_MODEL
minecraft:obsidian	BLOCK_MODEL
minecraft:ocean_monument_map	GENERATED_2D
minecraft:ocelot_spawn_egg	GENERATED_2D
minecraft:ochre_froglight	BLOCK_MODEL
minecraft:ominous_bottle	GENERATED_2D
minecraft:ominous_trial_key	GENERATED_2D
minecraft:open_eyeblossom	GENERATED_2D
minecraft:orange_bed	BLOCK_MODEL
minecraft:orange_bundle	GENERATED_2D
minecraft:orange_candle	GENERATED_2D
minecraft:orange_carpet	BLOCK_MODEL
minecraft:orange_concrete	BLOCK_MODEL
minecraft:orange_concrete_powder	BLOCK_MODEL
minecraft:orange_concrete_slab	BLOCK_MODEL
minecraft:orange_concrete_stairs	BLOCK_MODEL
minecraft:orange_cushion	GENERATED_2D
minecraft:orange_dye	GENERATED_2D
minecraft:orange_glazed_terracotta	BLOCK_MODEL
minecraft:orange_harness	GENERATED_2D
minecraft:orange_poplar_leaves	BLOCK_MODEL
minecraft:orange_stained_glass	BLOCK_MODEL
minecraft:orange_stained_glass_pane	GENERATED_2D
minecraft:orange_terracotta	BLOCK_MODEL
minecraft:orange_tulip	GENERATED_2D
minecraft:orange_wool	BLOCK_MODEL
minecraft:orange_wool_slab	BLOCK_MODEL
minecraft:orange_wool_stairs	BLOCK_MODEL
minecraft:oxeye_daisy	GENERATED_2D
minecraft:oxidized_chiseled_copper	BLOCK_MODEL
minecraft:oxidized_copper	BLOCK_MODEL
minecraft:oxidized_copper_bars	GENERATED_2D
minecraft:oxidized_copper_bulb	BLOCK_MODEL
minecraft:oxidized_copper_chain	GENERATED_2D
minecraft:oxidized_copper_door	GENERATED_2D
minecraft:oxidized_copper_grate	BLOCK_MODEL
minecraft:oxidized_copper_lantern	GENERATED_2D
minecraft:oxidized_copper_trapdoor	BLOCK_MODEL
minecraft:oxidized_cut_copper	BLOCK_MODEL
minecraft:oxidized_cut_copper_slab	BLOCK_MODEL
minecraft:oxidized_cut_copper_stairs	BLOCK_MODEL
minecraft:oxidized_lightning_rod	BLOCK_MODEL
minecraft:packed_ice	BLOCK_MODEL
minecraft:packed_mud	BLOCK_MODEL
minecraft:painting	GENERATED_2D
minecraft:pale_hanging_moss	GENERATED_2D
minecraft:pale_moss_block	BLOCK_MODEL
minecraft:pale_moss_carpet	BLOCK_MODEL
minecraft:pale_oak_boat	GENERATED_2D
minecraft:pale_oak_button	BLOCK_MODEL
minecraft:pale_oak_chest_boat	GENERATED_2D
minecraft:pale_oak_door	GENERATED_2D
minecraft:pale_oak_fence	BLOCK_MODEL
minecraft:pale_oak_fence_gate	BLOCK_MODEL
minecraft:pale_oak_hanging_sign	GENERATED_2D
minecraft:pale_oak_leaves	BLOCK_MODEL
minecraft:pale_oak_log	BLOCK_MODEL
minecraft:pale_oak_planks	BLOCK_MODEL
minecraft:pale_oak_pressure_plate	BLOCK_MODEL
minecraft:pale_oak_sapling	GENERATED_2D
minecraft:pale_oak_shelf	BLOCK_MODEL
minecraft:pale_oak_sign	GENERATED_2D
minecraft:pale_oak_slab	BLOCK_MODEL
minecraft:pale_oak_stairs	BLOCK_MODEL
minecraft:pale_oak_trapdoor	BLOCK_MODEL
minecraft:pale_oak_wood	BLOCK_MODEL
minecraft:panda_spawn_egg	GENERATED_2D
minecraft:paper	GENERATED_2D
minecraft:parched_spawn_egg	GENERATED_2D
minecraft:parrot_spawn_egg	GENERATED_2D
minecraft:pearlescent_froglight	BLOCK_MODEL
minecraft:peony	GENERATED_2D
minecraft:petrified_oak_slab	BLOCK_MODEL
minecraft:phantom_membrane	GENERATED_2D
minecraft:phantom_spawn_egg	GENERATED_2D
minecraft:pig_spawn_egg	GENERATED_2D
minecraft:piglin_banner_pattern	GENERATED_2D
minecraft:piglin_brute_spawn_egg	GENERATED_2D
minecraft:piglin_spawn_egg	GENERATED_2D
minecraft:pillager_spawn_egg	GENERATED_2D
minecraft:pink_bed	BLOCK_MODEL
minecraft:pink_bundle	GENERATED_2D
minecraft:pink_candle	GENERATED_2D
minecraft:pink_carpet	BLOCK_MODEL
minecraft:pink_concrete	BLOCK_MODEL
minecraft:pink_concrete_powder	BLOCK_MODEL
minecraft:pink_concrete_slab	BLOCK_MODEL
minecraft:pink_concrete_stairs	BLOCK_MODEL
minecraft:pink_cushion	GENERATED_2D
minecraft:pink_dye	GENERATED_2D
minecraft:pink_glazed_terracotta	BLOCK_MODEL
minecraft:pink_harness	GENERATED_2D
minecraft:pink_petals	GENERATED_2D
minecraft:pink_stained_glass	BLOCK_MODEL
minecraft:pink_stained_glass_pane	GENERATED_2D
minecraft:pink_terracotta	BLOCK_MODEL
minecraft:pink_tulip	GENERATED_2D
minecraft:pink_wool	BLOCK_MODEL
minecraft:pink_wool_slab	BLOCK_MODEL
minecraft:pink_wool_stairs	BLOCK_MODEL
minecraft:piston	BLOCK_MODEL
minecraft:pitcher_plant	GENERATED_2D
minecraft:pitcher_pod	GENERATED_2D
minecraft:plains_village_map	GENERATED_2D
minecraft:plenty_pottery_sherd	GENERATED_2D
minecraft:podzol	BLOCK_MODEL
minecraft:pointed_dripstone	GENERATED_2D
minecraft:poisonous_potato	GENERATED_2D
minecraft:polar_bear_spawn_egg	GENERATED_2D
minecraft:polished_andesite	BLOCK_MODEL
minecraft:polished_andesite_slab	BLOCK_MODEL
minecraft:polished_andesite_stairs	BLOCK_MODEL
minecraft:polished_basalt	BLOCK_MODEL
minecraft:polished_blackstone	BLOCK_MODEL
minecraft:polished_blackstone_brick_slab	BLOCK_MODEL
minecraft:polished_blackstone_brick_stairs	BLOCK_MODEL
minecraft:polished_blackstone_brick_wall	BLOCK_MODEL
minecraft:polished_blackstone_bricks	BLOCK_MODEL
minecraft:polished_blackstone_button	BLOCK_MODEL
minecraft:polished_blackstone_pressure_plate	BLOCK_MODEL
minecraft:polished_blackstone_slab	BLOCK_MODEL
minecraft:polished_blackstone_stairs	BLOCK_MODEL
minecraft:polished_blackstone_wall	BLOCK_MODEL
minecraft:polished_cinnabar	BLOCK_MODEL
minecraft:polished_cinnabar_slab	BLOCK_MODEL
minecraft:polished_cinnabar_stairs	BLOCK_MODEL
minecraft:polished_cinnabar_wall	BLOCK_MODEL
minecraft:polished_deepslate	BLOCK_MODEL
minecraft:polished_deepslate_slab	BLOCK_MODEL
minecraft:polished_deepslate_stairs	BLOCK_MODEL
minecraft:polished_deepslate_wall	BLOCK_MODEL
minecraft:polished_diorite	BLOCK_MODEL
minecraft:polished_diorite_slab	BLOCK_MODEL
minecraft:polished_diorite_stairs	BLOCK_MODEL
minecraft:polished_granite	BLOCK_MODEL
minecraft:polished_granite_slab	BLOCK_MODEL
minecraft:polished_granite_stairs	BLOCK_MODEL
minecraft:polished_sulfur	BLOCK_MODEL
minecraft:polished_sulfur_slab	BLOCK_MODEL
minecraft:polished_sulfur_stairs	BLOCK_MODEL
minecraft:polished_sulfur_wall	BLOCK_MODEL
minecraft:polished_tuff	BLOCK_MODEL
minecraft:polished_tuff_slab	BLOCK_MODEL
minecraft:polished_tuff_stairs	BLOCK_MODEL
minecraft:polished_tuff_wall	BLOCK_MODEL
minecraft:poplar_boat	GENERATED_2D
minecraft:poplar_button	BLOCK_MODEL
minecraft:poplar_chest_boat	GENERATED_2D
minecraft:poplar_door	GENERATED_2D
minecraft:poplar_fence	BLOCK_MODEL
minecraft:poplar_fence_gate	BLOCK_MODEL
minecraft:poplar_hanging_sign	GENERATED_2D
minecraft:poplar_log	BLOCK_MODEL
minecraft:poplar_planks	BLOCK_MODEL
minecraft:poplar_pressure_plate	BLOCK_MODEL
minecraft:poplar_sapling	GENERATED_2D
minecraft:poplar_shelf	BLOCK_MODEL
minecraft:poplar_sign	GENERATED_2D
minecraft:poplar_slab	BLOCK_MODEL
minecraft:poplar_stairs	BLOCK_MODEL
minecraft:poplar_trapdoor	BLOCK_MODEL
minecraft:poplar_wood	BLOCK_MODEL
minecraft:popped_chorus_fruit	GENERATED_2D
minecraft:poppy	GENERATED_2D
minecraft:porkchop	GENERATED_2D
minecraft:potato	GENERATED_2D
minecraft:potent_sulfur	BLOCK_MODEL
minecraft:powder_snow_bucket	GENERATED_2D
minecraft:powered_rail	GENERATED_2D
minecraft:prismarine	BLOCK_MODEL
minecraft:prismarine_brick_slab	BLOCK_MODEL
minecraft:prismarine_brick_stairs	BLOCK_MODEL
minecraft:prismarine_bricks	BLOCK_MODEL
minecraft:prismarine_crystals	GENERATED_2D
minecraft:prismarine_shard	GENERATED_2D
minecraft:prismarine_slab	BLOCK_MODEL
minecraft:prismarine_stairs	BLOCK_MODEL
minecraft:prismarine_wall	BLOCK_MODEL
minecraft:prize_pottery_sherd	GENERATED_2D
minecraft:pufferfish	GENERATED_2D
minecraft:pufferfish_bucket	GENERATED_2D
minecraft:pufferfish_spawn_egg	GENERATED_2D
minecraft:pumpkin	BLOCK_MODEL
minecraft:pumpkin_pie	GENERATED_2D
minecraft:pumpkin_seeds	GENERATED_2D
minecraft:purple_bed	BLOCK_MODEL
minecraft:purple_bundle	GENERATED_2D
minecraft:purple_candle	GENERATED_2D
minecraft:purple_carpet	BLOCK_MODEL
minecraft:purple_concrete	BLOCK_MODEL
minecraft:purple_concrete_powder	BLOCK_MODEL
minecraft:purple_concrete_slab	BLOCK_MODEL
minecraft:purple_concrete_stairs	BLOCK_MODEL
minecraft:purple_cushion	GENERATED_2D
minecraft:purple_dye	GENERATED_2D
minecraft:purple_glazed_terracotta	BLOCK_MODEL
minecraft:purple_harness	GENERATED_2D
minecraft:purple_stained_glass	BLOCK_MODEL
minecraft:purple_stained_glass_pane	GENERATED_2D
minecraft:purple_terracotta	BLOCK_MODEL
minecraft:purple_wool	BLOCK_MODEL
minecraft:purple_wool_slab	BLOCK_MODEL
minecraft:purple_wool_stairs	BLOCK_MODEL
minecraft:purpur_block	BLOCK_MODEL
minecraft:purpur_pillar	BLOCK_MODEL
minecraft:purpur_slab	BLOCK_MODEL
minecraft:purpur_stairs	BLOCK_MODEL
minecraft:quartz	GENERATED_2D
minecraft:quartz_block	BLOCK_MODEL
minecraft:quartz_bricks	BLOCK_MODEL
minecraft:quartz_pillar	BLOCK_MODEL
minecraft:quartz_slab	BLOCK_MODEL
minecraft:quartz_stairs	BLOCK_MODEL
minecraft:rabbit	GENERATED_2D
minecraft:rabbit_foot	GENERATED_2D
minecraft:rabbit_hide	GENERATED_2D
minecraft:rabbit_spawn_egg	GENERATED_2D
minecraft:rabbit_stew	GENERATED_2D
minecraft:rail	GENERATED_2D
minecraft:raiser_armor_trim_smithing_template	GENERATED_2D
minecraft:ravager_spawn_egg	GENERATED_2D
minecraft:raw_copper	GENERATED_2D
minecraft:raw_copper_block	BLOCK_MODEL
minecraft:raw_gold	GENERATED_2D
minecraft:raw_gold_block	BLOCK_MODEL
minecraft:raw_iron	GENERATED_2D
minecraft:raw_iron_block	BLOCK_MODEL
minecraft:red_bed	BLOCK_MODEL
minecraft:red_bundle	GENERATED_2D
minecraft:red_candle	GENERATED_2D
minecraft:red_carpet	BLOCK_MODEL
minecraft:red_concrete	BLOCK_MODEL
minecraft:red_concrete_powder	BLOCK_MODEL
minecraft:red_concrete_slab	BLOCK_MODEL
minecraft:red_concrete_stairs	BLOCK_MODEL
minecraft:red_cushion	GENERATED_2D
minecraft:red_dye	GENERATED_2D
minecraft:red_glazed_terracotta	BLOCK_MODEL
minecraft:red_harness	GENERATED_2D
minecraft:red_mushroom	GENERATED_2D
minecraft:red_mushroom_block	BLOCK_MODEL
minecraft:red_nether_brick_slab	BLOCK_MODEL
minecraft:red_nether_brick_stairs	BLOCK_MODEL
minecraft:red_nether_brick_wall	BLOCK_MODEL
minecraft:red_nether_bricks	BLOCK_MODEL
minecraft:red_poplar_leaves	BLOCK_MODEL
minecraft:red_sand	BLOCK_MODEL
minecraft:red_sandstone	BLOCK_MODEL
minecraft:red_sandstone_slab	BLOCK_MODEL
minecraft:red_sandstone_stairs	BLOCK_MODEL
minecraft:red_sandstone_wall	BLOCK_MODEL
minecraft:red_shrub	GENERATED_2D
minecraft:red_stained_glass	BLOCK_MODEL
minecraft:red_stained_glass_pane	GENERATED_2D
minecraft:red_terracotta	BLOCK_MODEL
minecraft:red_tulip	GENERATED_2D
minecraft:red_wool	BLOCK_MODEL
minecraft:red_wool_slab	BLOCK_MODEL
minecraft:red_wool_stairs	BLOCK_MODEL
minecraft:redstone	GENERATED_2D
minecraft:redstone_block	BLOCK_MODEL
minecraft:redstone_lamp	BLOCK_MODEL
minecraft:redstone_ore	BLOCK_MODEL
minecraft:redstone_torch	GENERATED_2D
minecraft:reinforced_deepslate	BLOCK_MODEL
minecraft:repeater	GENERATED_2D
minecraft:repeating_command_block	BLOCK_MODEL
minecraft:resin_block	BLOCK_MODEL
minecraft:resin_brick	GENERATED_2D
minecraft:resin_brick_slab	BLOCK_MODEL
minecraft:resin_brick_stairs	BLOCK_MODEL
minecraft:resin_brick_wall	BLOCK_MODEL
minecraft:resin_bricks	BLOCK_MODEL
minecraft:resin_clump	GENERATED_2D
minecraft:respawn_anchor	BLOCK_MODEL
minecraft:rib_armor_trim_smithing_template	GENERATED_2D
minecraft:rooted_dirt	BLOCK_MODEL
minecraft:rose_bush	GENERATED_2D
minecraft:rotten_flesh	GENERATED_2D
minecraft:saddle	GENERATED_2D
minecraft:salmon	GENERATED_2D
minecraft:salmon_bucket	GENERATED_2D
minecraft:salmon_spawn_egg	GENERATED_2D
minecraft:sand	BLOCK_MODEL
minecraft:sandstone	BLOCK_MODEL
minecraft:sandstone_slab	BLOCK_MODEL
minecraft:sandstone_stairs	BLOCK_MODEL
minecraft:sandstone_wall	BLOCK_MODEL
minecraft:savanna_village_map	GENERATED_2D
minecraft:scaffolding	BLOCK_MODEL
minecraft:scrape_pottery_sherd	GENERATED_2D
minecraft:sculk	BLOCK_MODEL
minecraft:sculk_catalyst	BLOCK_MODEL
minecraft:sculk_sensor	BLOCK_MODEL
minecraft:sculk_shrieker	BLOCK_MODEL
minecraft:sculk_vein	GENERATED_2D
minecraft:sea_lantern	BLOCK_MODEL
minecraft:sea_pickle	GENERATED_2D
minecraft:seagrass	GENERATED_2D
minecraft:sentry_armor_trim_smithing_template	GENERATED_2D
minecraft:shaper_armor_trim_smithing_template	GENERATED_2D
minecraft:sheaf_pottery_sherd	GENERATED_2D
minecraft:shears	GENERATED_2D
minecraft:sheep_spawn_egg	GENERATED_2D
minecraft:shelf_mushroom	BLOCK_MODEL
minecraft:shelter_pottery_sherd	GENERATED_2D
minecraft:short_dry_grass	GENERATED_2D
minecraft:short_grass	GENERATED_2D
minecraft:shroomlight	BLOCK_MODEL
minecraft:shulker_shell	GENERATED_2D
minecraft:shulker_spawn_egg	GENERATED_2D
minecraft:silence_armor_trim_smithing_template	GENERATED_2D
minecraft:silverfish_spawn_egg	GENERATED_2D
minecraft:skeleton_horse_spawn_egg	GENERATED_2D
minecraft:skeleton_spawn_egg	GENERATED_2D
minecraft:skull_banner_pattern	GENERATED_2D
minecraft:skull_pottery_sherd	GENERATED_2D
minecraft:slime_ball	GENERATED_2D
minecraft:slime_block	BLOCK_MODEL
minecraft:slime_spawn_egg	GENERATED_2D
minecraft:small_amethyst_bud	GENERATED_2D
minecraft:small_dripleaf	BLOCK_MODEL
minecraft:smithing_table	BLOCK_MODEL
minecraft:smoker	BLOCK_MODEL
minecraft:smooth_basalt	BLOCK_MODEL
minecraft:smooth_quartz	BLOCK_MODEL
minecraft:smooth_quartz_slab	BLOCK_MODEL
minecraft:smooth_quartz_stairs	BLOCK_MODEL
minecraft:smooth_red_sandstone	BLOCK_MODEL
minecraft:smooth_red_sandstone_slab	BLOCK_MODEL
minecraft:smooth_red_sandstone_stairs	BLOCK_MODEL
minecraft:smooth_sandstone	BLOCK_MODEL
minecraft:smooth_sandstone_slab	BLOCK_MODEL
minecraft:smooth_sandstone_stairs	BLOCK_MODEL
minecraft:smooth_stone	BLOCK_MODEL
minecraft:smooth_stone_slab	BLOCK_MODEL
minecraft:sniffer_egg	GENERATED_2D
minecraft:sniffer_spawn_egg	GENERATED_2D
minecraft:snort_pottery_sherd	GENERATED_2D
minecraft:snout_armor_trim_smithing_template	GENERATED_2D
minecraft:snow	BLOCK_MODEL
minecraft:snow_block	BLOCK_MODEL
minecraft:snow_golem_spawn_egg	GENERATED_2D
minecraft:snowball	GENERATED_2D
minecraft:snowy_village_map	GENERATED_2D
minecraft:soul_campfire	GENERATED_2D
minecraft:soul_lantern	GENERATED_2D
minecraft:soul_sand	BLOCK_MODEL
minecraft:soul_soil	BLOCK_MODEL
minecraft:soul_torch	GENERATED_2D
minecraft:spawner	BLOCK_MODEL
minecraft:spectral_arrow	GENERATED_2D
minecraft:spider_eye	GENERATED_2D
minecraft:spider_spawn_egg	GENERATED_2D
minecraft:spire_armor_trim_smithing_template	GENERATED_2D
minecraft:sponge	BLOCK_MODEL
minecraft:spore_blossom	BLOCK_MODEL
minecraft:spruce_boat	GENERATED_2D
minecraft:spruce_button	BLOCK_MODEL
minecraft:spruce_chest_boat	GENERATED_2D
minecraft:spruce_door	GENERATED_2D
minecraft:spruce_fence	BLOCK_MODEL
minecraft:spruce_fence_gate	BLOCK_MODEL
minecraft:spruce_hanging_sign	GENERATED_2D
minecraft:spruce_leaves	BLOCK_MODEL
minecraft:spruce_log	BLOCK_MODEL
minecraft:spruce_planks	BLOCK_MODEL
minecraft:spruce_pressure_plate	BLOCK_MODEL
minecraft:spruce_sapling	GENERATED_2D
minecraft:spruce_shelf	BLOCK_MODEL
minecraft:spruce_sign	GENERATED_2D
minecraft:spruce_slab	BLOCK_MODEL
minecraft:spruce_stairs	BLOCK_MODEL
minecraft:spruce_trapdoor	BLOCK_MODEL
minecraft:spruce_wood	BLOCK_MODEL
minecraft:spyglass	GENERATED_2D
minecraft:squid_spawn_egg	GENERATED_2D
minecraft:stick	GENERATED_2D
minecraft:sticky_piston	BLOCK_MODEL
minecraft:stone	BLOCK_MODEL
minecraft:stone_axe	GENERATED_2D
minecraft:stone_brick_slab	BLOCK_MODEL
minecraft:stone_brick_stairs	BLOCK_MODEL
minecraft:stone_brick_wall	BLOCK_MODEL
minecraft:stone_bricks	BLOCK_MODEL
minecraft:stone_button	BLOCK_MODEL
minecraft:stone_hoe	GENERATED_2D
minecraft:stone_pickaxe	GENERATED_2D
minecraft:stone_pressure_plate	BLOCK_MODEL
minecraft:stone_shovel	GENERATED_2D
minecraft:stone_slab	BLOCK_MODEL
minecraft:stone_spear	GENERATED_2D
minecraft:stone_stairs	BLOCK_MODEL
minecraft:stone_sword	GENERATED_2D
minecraft:stonecutter	BLOCK_MODEL
minecraft:straw_bed	BLOCK_MODEL
minecraft:stray_spawn_egg	GENERATED_2D
minecraft:strider_spawn_egg	GENERATED_2D
minecraft:string	GENERATED_2D
minecraft:stripped_acacia_log	BLOCK_MODEL
minecraft:stripped_acacia_wood	BLOCK_MODEL
minecraft:stripped_bamboo_block	BLOCK_MODEL
minecraft:stripped_birch_log	BLOCK_MODEL
minecraft:stripped_birch_wood	BLOCK_MODEL
minecraft:stripped_cherry_log	BLOCK_MODEL
minecraft:stripped_cherry_wood	BLOCK_MODEL
minecraft:stripped_crimson_hyphae	BLOCK_MODEL
minecraft:stripped_crimson_stem	BLOCK_MODEL
minecraft:stripped_dark_oak_log	BLOCK_MODEL
minecraft:stripped_dark_oak_wood	BLOCK_MODEL
minecraft:stripped_jungle_log	BLOCK_MODEL
minecraft:stripped_jungle_wood	BLOCK_MODEL
minecraft:stripped_mangrove_log	BLOCK_MODEL
minecraft:stripped_mangrove_wood	BLOCK_MODEL
minecraft:stripped_oak_log	BLOCK_MODEL
minecraft:stripped_oak_wood	BLOCK_MODEL
minecraft:stripped_pale_oak_log	BLOCK_MODEL
minecraft:stripped_pale_oak_wood	BLOCK_MODEL
minecraft:stripped_poplar_log	BLOCK_MODEL
minecraft:stripped_poplar_wood	BLOCK_MODEL
minecraft:stripped_spruce_log	BLOCK_MODEL
minecraft:stripped_spruce_wood	BLOCK_MODEL
minecraft:stripped_warped_hyphae	BLOCK_MODEL
minecraft:stripped_warped_stem	BLOCK_MODEL
minecraft:structure_block	BLOCK_MODEL
minecraft:structure_void	GENERATED_2D
minecraft:sugar	GENERATED_2D
minecraft:sugar_cane	GENERATED_2D
minecraft:sulfur	BLOCK_MODEL
minecraft:sulfur_brick_slab	BLOCK_MODEL
minecraft:sulfur_brick_stairs	BLOCK_MODEL
minecraft:sulfur_brick_wall	BLOCK_MODEL
minecraft:sulfur_bricks	BLOCK_MODEL
minecraft:sulfur_cube_bucket	GENERATED_2D
minecraft:sulfur_cube_spawn_egg	GENERATED_2D
minecraft:sulfur_slab	BLOCK_MODEL
minecraft:sulfur_spike	GENERATED_2D
minecraft:sulfur_stairs	BLOCK_MODEL
minecraft:sulfur_wall	BLOCK_MODEL
minecraft:sunflower	GENERATED_2D
minecraft:suspicious_gravel	BLOCK_MODEL
minecraft:suspicious_sand	BLOCK_MODEL
minecraft:suspicious_stew	GENERATED_2D
minecraft:swamp_hut_map	GENERATED_2D
minecraft:sweet_berries	GENERATED_2D
minecraft:tadpole_bucket	GENERATED_2D
minecraft:tadpole_spawn_egg	GENERATED_2D
minecraft:taiga_village_map	GENERATED_2D
minecraft:tall_dry_grass	GENERATED_2D
minecraft:tall_grass	GENERATED_2D
minecraft:target	BLOCK_MODEL
minecraft:terracotta	BLOCK_MODEL
minecraft:test_block	BLOCK_MODEL
minecraft:test_instance_block	BLOCK_MODEL
minecraft:tide_armor_trim_smithing_template	GENERATED_2D
minecraft:tinted_glass	BLOCK_MODEL
minecraft:tnt	BLOCK_MODEL
minecraft:tnt_minecart	GENERATED_2D
minecraft:torch	GENERATED_2D
minecraft:torchflower	GENERATED_2D
minecraft:torchflower_seeds	GENERATED_2D
minecraft:totem_of_undying	GENERATED_2D
minecraft:trader_llama_spawn_egg	GENERATED_2D
minecraft:trial_key	GENERATED_2D
minecraft:trial_spawner	BLOCK_MODEL
minecraft:trident	GENERATED_2D
minecraft:tripwire_hook	GENERATED_2D
minecraft:tropical_fish	GENERATED_2D
minecraft:tropical_fish_bucket	GENERATED_2D
minecraft:tropical_fish_spawn_egg	GENERATED_2D
minecraft:tube_coral	GENERATED_2D
minecraft:tube_coral_block	BLOCK_MODEL
minecraft:tube_coral_fan	GENERATED_2D
minecraft:tuff	BLOCK_MODEL
minecraft:tuff_brick_slab	BLOCK_MODEL
minecraft:tuff_brick_stairs	BLOCK_MODEL
minecraft:tuff_brick_wall	BLOCK_MODEL
minecraft:tuff_bricks	BLOCK_MODEL
minecraft:tuff_slab	BLOCK_MODEL
minecraft:tuff_stairs	BLOCK_MODEL
minecraft:tuff_wall	BLOCK_MODEL
minecraft:turtle_egg	GENERATED_2D
minecraft:turtle_helmet	GENERATED_2D
minecraft:turtle_scute	GENERATED_2D
minecraft:turtle_spawn_egg	GENERATED_2D
minecraft:twisting_vines	GENERATED_2D
minecraft:vault	BLOCK_MODEL
minecraft:verdant_froglight	BLOCK_MODEL
minecraft:vex_armor_trim_smithing_template	GENERATED_2D
minecraft:vex_spawn_egg	GENERATED_2D
minecraft:villager_spawn_egg	GENERATED_2D
minecraft:vindicator_spawn_egg	GENERATED_2D
minecraft:vine	GENERATED_2D
minecraft:wandering_trader_spawn_egg	GENERATED_2D
minecraft:ward_armor_trim_smithing_template	GENERATED_2D
minecraft:warden_spawn_egg	GENERATED_2D
minecraft:warm_ocean_ruins_map	GENERATED_2D
minecraft:warped_button	BLOCK_MODEL
minecraft:warped_door	GENERATED_2D
minecraft:warped_fence	BLOCK_MODEL
minecraft:warped_fence_gate	BLOCK_MODEL
minecraft:warped_fungus	GENERATED_2D
minecraft:warped_fungus_on_a_stick	GENERATED_2D
minecraft:warped_hanging_sign	GENERATED_2D
minecraft:warped_hyphae	BLOCK_MODEL
minecraft:warped_nylium	BLOCK_MODEL
minecraft:warped_planks	BLOCK_MODEL
minecraft:warped_pressure_plate	BLOCK_MODEL
minecraft:warped_roots	GENERATED_2D
minecraft:warped_shelf	BLOCK_MODEL
minecraft:warped_sign	GENERATED_2D
minecraft:warped_slab	BLOCK_MODEL
minecraft:warped_stairs	BLOCK_MODEL
minecraft:warped_stem	BLOCK_MODEL
minecraft:warped_trapdoor	BLOCK_MODEL
minecraft:warped_wart_block	BLOCK_MODEL
minecraft:water_bucket	GENERATED_2D
minecraft:waxed_chiseled_copper	BLOCK_MODEL
minecraft:waxed_copper_bars	GENERATED_2D
minecraft:waxed_copper_block	BLOCK_MODEL
minecraft:waxed_copper_bulb	BLOCK_MODEL
minecraft:waxed_copper_chain	GENERATED_2D
minecraft:waxed_copper_door	GENERATED_2D
minecraft:waxed_copper_grate	BLOCK_MODEL
minecraft:waxed_copper_lantern	GENERATED_2D
minecraft:waxed_copper_trapdoor	BLOCK_MODEL
minecraft:waxed_cut_copper	BLOCK_MODEL
minecraft:waxed_cut_copper_slab	BLOCK_MODEL
minecraft:waxed_cut_copper_stairs	BLOCK_MODEL
minecraft:waxed_exposed_chiseled_copper	BLOCK_MODEL
minecraft:waxed_exposed_copper	BLOCK_MODEL
minecraft:waxed_exposed_copper_bars	GENERATED_2D
minecraft:waxed_exposed_copper_bulb	BLOCK_MODEL
minecraft:waxed_exposed_copper_chain	GENERATED_2D
minecraft:waxed_exposed_copper_door	GENERATED_2D
minecraft:waxed_exposed_copper_grate	BLOCK_MODEL
minecraft:waxed_exposed_copper_lantern	GENERATED_2D
minecraft:waxed_exposed_copper_trapdoor	BLOCK_MODEL
minecraft:waxed_exposed_cut_copper	BLOCK_MODEL
minecraft:waxed_exposed_cut_copper_slab	BLOCK_MODEL
minecraft:waxed_exposed_cut_copper_stairs	BLOCK_MODEL
minecraft:waxed_exposed_lightning_rod	BLOCK_MODEL
minecraft:waxed_lightning_rod	BLOCK_MODEL
minecraft:waxed_oxidized_chiseled_copper	BLOCK_MODEL
minecraft:waxed_oxidized_copper	BLOCK_MODEL
minecraft:waxed_oxidized_copper_bars	GENERATED_2D
minecraft:waxed_oxidized_copper_bulb	BLOCK_MODEL
minecraft:waxed_oxidized_copper_chain	GENERATED_2D
minecraft:waxed_oxidized_copper_door	GENERATED_2D
minecraft:waxed_oxidized_copper_grate	BLOCK_MODEL
minecraft:waxed_oxidized_copper_lantern	GENERATED_2D
minecraft:waxed_oxidized_copper_trapdoor	BLOCK_MODEL
minecraft:waxed_oxidized_cut_copper	BLOCK_MODEL
minecraft:waxed_oxidized_cut_copper_slab	BLOCK_MODEL
minecraft:waxed_oxidized_cut_copper_stairs	BLOCK_MODEL
minecraft:waxed_oxidized_lightning_rod	BLOCK_MODEL
minecraft:waxed_weathered_chiseled_copper	BLOCK_MODEL
minecraft:waxed_weathered_copper	BLOCK_MODEL
minecraft:waxed_weathered_copper_bars	GENERATED_2D
minecraft:waxed_weathered_copper_bulb	BLOCK_MODEL
minecraft:waxed_weathered_copper_chain	GENERATED_2D
minecraft:waxed_weathered_copper_door	GENERATED_2D
minecraft:waxed_weathered_copper_grate	BLOCK_MODEL
minecraft:waxed_weathered_copper_lantern	GENERATED_2D
minecraft:waxed_weathered_copper_trapdoor	BLOCK_MODEL
minecraft:waxed_weathered_cut_copper	BLOCK_MODEL
minecraft:waxed_weathered_cut_copper_slab	BLOCK_MODEL
minecraft:waxed_weathered_cut_copper_stairs	BLOCK_MODEL
minecraft:waxed_weathered_lightning_rod	BLOCK_MODEL
minecraft:wayfinder_armor_trim_smithing_template	GENERATED_2D
minecraft:weathered_chiseled_copper	BLOCK_MODEL
minecraft:weathered_copper	BLOCK_MODEL
minecraft:weathered_copper_bars	GENERATED_2D
minecraft:weathered_copper_bulb	BLOCK_MODEL
minecraft:weathered_copper_chain	GENERATED_2D
minecraft:weathered_copper_door	GENERATED_2D
minecraft:weathered_copper_grate	BLOCK_MODEL
minecraft:weathered_copper_lantern	GENERATED_2D
minecraft:weathered_copper_trapdoor	BLOCK_MODEL
minecraft:weathered_cut_copper	BLOCK_MODEL
minecraft:weathered_cut_copper_slab	BLOCK_MODEL
minecraft:weathered_cut_copper_stairs	BLOCK_MODEL
minecraft:weathered_lightning_rod	BLOCK_MODEL
minecraft:weeping_vines	GENERATED_2D
minecraft:wet_sponge	BLOCK_MODEL
minecraft:wheat	GENERATED_2D
minecraft:wheat_seeds	GENERATED_2D
minecraft:white_bed	BLOCK_MODEL
minecraft:white_bundle	GENERATED_2D
minecraft:white_candle	GENERATED_2D
minecraft:white_carpet	BLOCK_MODEL
minecraft:white_concrete	BLOCK_MODEL
minecraft:white_concrete_powder	BLOCK_MODEL
minecraft:white_concrete_slab	BLOCK_MODEL
minecraft:white_concrete_stairs	BLOCK_MODEL
minecraft:white_cushion	GENERATED_2D
minecraft:white_dye	GENERATED_2D
minecraft:white_glazed_terracotta	BLOCK_MODEL
minecraft:white_harness	GENERATED_2D
minecraft:white_stained_glass	BLOCK_MODEL
minecraft:white_stained_glass_pane	GENERATED_2D
minecraft:white_terracotta	BLOCK_MODEL
minecraft:white_tulip	GENERATED_2D
minecraft:white_wool	BLOCK_MODEL
minecraft:white_wool_slab	BLOCK_MODEL
minecraft:white_wool_stairs	BLOCK_MODEL
minecraft:wild_armor_trim_smithing_template	GENERATED_2D
minecraft:wildflowers	GENERATED_2D
minecraft:wind_charge	GENERATED_2D
minecraft:witch_spawn_egg	GENERATED_2D
minecraft:wither_rose	GENERATED_2D
minecraft:wither_skeleton_spawn_egg	GENERATED_2D
minecraft:wither_spawn_egg	GENERATED_2D
minecraft:wolf_armor	GENERATED_2D
minecraft:wolf_spawn_egg	GENERATED_2D
minecraft:wooden_axe	GENERATED_2D
minecraft:wooden_hoe	GENERATED_2D
minecraft:wooden_pickaxe	GENERATED_2D
minecraft:wooden_shovel	GENERATED_2D
minecraft:wooden_spear	GENERATED_2D
minecraft:wooden_sword	GENERATED_2D
minecraft:woodland_mansion_map	GENERATED_2D
minecraft:writable_book	GENERATED_2D
minecraft:written_book	GENERATED_2D
minecraft:yellow_bed	BLOCK_MODEL
minecraft:yellow_bundle	GENERATED_2D
minecraft:yellow_candle	GENERATED_2D
minecraft:yellow_carpet	BLOCK_MODEL
minecraft:yellow_concrete	BLOCK_MODEL
minecraft:yellow_concrete_powder	BLOCK_MODEL
minecraft:yellow_concrete_slab	BLOCK_MODEL
minecraft:yellow_concrete_stairs	BLOCK_MODEL
minecraft:yellow_cushion	GENERATED_2D
minecraft:yellow_dye	GENERATED_2D
minecraft:yellow_glazed_terracotta	BLOCK_MODEL
minecraft:yellow_harness	GENERATED_2D
minecraft:yellow_poplar_leaves	BLOCK_MODEL
minecraft:yellow_stained_glass	BLOCK_MODEL
minecraft:yellow_stained_glass_pane	GENERATED_2D
minecraft:yellow_terracotta	BLOCK_MODEL
minecraft:yellow_wool	BLOCK_MODEL
minecraft:yellow_wool_slab	BLOCK_MODEL
minecraft:yellow_wool_stairs	BLOCK_MODEL
minecraft:zoglin_spawn_egg	GENERATED_2D
minecraft:zombie_horse_spawn_egg	GENERATED_2D
minecraft:zombie_nautilus_spawn_egg	GENERATED_2D
minecraft:zombie_spawn_egg	GENERATED_2D
minecraft:zombie_villager_spawn_egg	GENERATED_2D
minecraft:zombified_piglin_spawn_egg	GENERATED_2D
